scenario,profit_EUR
0,198140.30320499977
1,280422.064765
2,252719.89124499983
3,210048.8441649999
4,208130.48927999986
5,289733.67720000003
6,258821.01055999985
7,215814.2598799998
8,123435.45448999992
9,172411.25772999995
10,175077.50524999993
11,133583.2248099998
12,22051.763425000012
13,35208.14378500002
14,30656.10414500002
15,25804.881105000008
16,44322.62482999993
17,70747.36718999996
18,66335.04086999991
19,58577.91466999997
20,66680.27065999998
21,102667.00125999999
22,94266.98626000009
23,80839.04982000001
24,14593.651835000011
25,27415.643595000016
26,27011.496515000006
27,22314.935195
28,15080.327819999991
29,18260.360899999985
30,13847.276460000008
31,13809.954299999998
32,73157.63358999998
33,132022.64530999993
34,111648.25750999991
35,100846.11014999996
36,111318.01221000007
37,139976.6352100001
38,120968.55148999998
39,114572.71092999994
40,3169.6545849999966
41,3519.829144999996
42,3267.0999049999955
43,3035.646944999997
44,-4859.844030000004
45,-5465.694910000006
46,-5798.035230000001
47,-2940.843630000003
48,24544.290240000002
49,28239.125839999993
50,19710.14644000001
51,24488.174400000018
52,87369.53078999993
53,111123.56435000006
54,80611.71062999999
55,88251.81739000004
56,134695.14532000013
57,173560.80280000018
58,147016.3565600001
59,136668.9698800001
60,60575.26312000002
61,108929.26948000008
62,95448.85620000004
63,73469.20192000014
64,81038.68932499993
65,135531.6452449999
66,121272.36360499996
67,98724.66104499984
68,63390.69927500008
69,101663.55147500004
70,92356.25007499999
71,72818.24083500006
72,50984.72002499999
73,85434.83218499995
74,79577.25726500002
75,59204.627224999946
76,92096.72158999997
77,132477.36479000002
78,118995.93886999995
79,88360.74563000002
80,352456.81103
81,425597.9503499998
82,402176.9556300002
83,364323.1291100001
84,360276.94027499994
85,432799.71915500006
86,407073.18807499995
87,368841.517155
88,230777.52617000008
89,274360.0801700002
90,279915.37569000025
91,242378.97233000025
92,43103.18694500002
93,54929.47554500002
94,50815.21254500002
95,46592.53938500001
96,97069.58683500002
97,121244.14571499999
98,117149.96395499998
99,109882.72319500003
100,129360.64127999998
101,161834.91720000003
102,155508.15596
103,143392.04896000004
104,33764.89301499998
105,45625.440054999985
106,45940.690615
107,41358.765535
108,24274.774634999994
109,27476.752434999988
110,23856.068755
111,23574.917994999996
112,150057.57771500002
113,204267.13527499995
114,186706.72027499997
115,176243.19091499998
116,176083.94455500005
117,202153.067315
118,186942.0244349999
119,180948.33059499995
120,5126.357800000002
121,5543.660400000001
122,5317.694960000001
123,5012.980159999999
124,-8367.391469999999
125,-8851.04351
126,-9087.02739
127,-6542.019949999998
128,30728.834200000012
129,33952.827159999986
130,26058.634959999996
131,30573.900319999986
132,130436.11829499993
133,151768.6852549999
134,124456.05289499997
135,131576.48045499995
136,213438.01746499992
137,248740.21450499992
138,226817.74302499997
139,217136.16158499988
140,129266.18211499997
141,171954.96339500003
142,160017.027075
143,141001.67983500002
144,165733.45875500003
145,214282.10903499997
146,202398.45207499992
147,182606.52595499996
148,127866.19526999997
149,162119.04659000004
150,154142.62211
151,136891.54807000002
152,104290.71626999998
153,134307.94718999998
154,129122.15271
155,111298.03054999991
156,162350.294275
157,198444.06119500002
158,186014.31519499997
159,158297.15647499997
160,600401.8891950002
161,656740.9033150001
162,640423.595515
163,609282.589915
164,616600.6808450001
165,672162.5495249999
166,655258.712965
167,623640.633165
168,340756.20580999996
169,374881.71236999996
170,379285.7578899999
171,349945.3531699998
172,77475.61274499999
173,86987.03422499998
174,83634.042025
175,80354.982465
176,163699.03384500003
177,183110.09196500003
178,178507.19964500004
179,172796.75448499998
180,211853.89351999998
181,238495.38559999998
182,233890.40576000005
183,224019.77811999997
184,52381.36228
185,62559.82572000001
186,62851.14136000001
187,58901.338080000016
188,40986.85011000001
189,43917.30095
190,41675.615150000005
191,40901.98715000001
192,272124.5632800001
193,319072.63620000007
194,306487.5157200001
195,296479.36592000007
196,283687.25390500005
197,305153.105785
198,295885.81914499996
199,289389.14538500004
200,6160.510334999999
201,6632.033014999999
202,6458.073615000001
203,6105.366655
204,-13113.162245000007
205,-13270.507685000004
206,-13419.652485000002
207,-11326.264804999999
208,63629.242285
209,65963.664085
210,60731.432564999996
211,63571.57956500001
212,239869.61419500003
213,256528.387515
214,238346.35591500002
215,241403.92423500004
216,352275.22713000013
217,381305.87045
218,367715.34537
219,356995.3284899999
220,243067.425185
221,275948.74382499995
222,267406.592465
223,252562.361905
224,295828.44435
225,333984.02103000006
226,325253.32563
227,309598.51155000005
228,220656.0931450001
229,248062.75486500002
230,241851.81898500002
231,228250.203065
232,193477.29166
233,215249.0695
234,211417.92726000003
235,198212.23874
236,294903.33001
237,322236.73597
238,313180.00288999995
239,289784.93220999994
240,1048772.978615
241,1093546.301695
242,1105728.279575
243,1066886.226215
244,1050741.70017
245,1095656.22413
246,1109254.30001
247,1069349.35669
248,704677.742295
249,730298.9573349999
250,763239.682895
251,726400.4786149999
252,132928.453885
253,140277.536325
254,139941.448525
255,135787.425045
256,313474.629715
257,330724.091195
258,331092.537195
259,322172.575475
260,406596.946955
261,427342.151315
262,436764.501715
263,422420.47823500005
264,115380.30618
265,123952.06409999999
266,129488.3795
267,123594.30677999998
268,66077.826335
269,69656.164095
270,69897.438655
271,67822.641575
272,492882.34364
273,529018.72792
274,531732.17992
275,514090.35412
276,512342.75468
277,530521.8174
278,541381.48588
279,527164.82468
280,12704.290389999998
281,13370.119909999998
282,13275.57203
283,12672.95683
284,-23528.07954
285,-23796.60798
286,-23971.29634
287,-22110.219100000002
288,78468.813725
289,80375.064125
290,75872.488645
291,78200.817005
292,362723.780565
293,378575.37808500003
294,369985.849325
295,369158.97184500005
296,614192.70001
297,638056.37645
298,648878.98193
299,628445.92837
300,389663.85916999995
301,414583.46268999996
302,412869.05921
303,399075.85569
304,506902.29370000004
305,536573.22678
306,540875.6565
307,523521.52190000005
308,392558.2277800001
309,413498.88102000003
310,416548.73206
311,401371.86294
312,304280.150695
313,320938.563895
314,322381.27813500003
315,309339.825215
316,463781.89606
317,487156.79194
318,485540.06798
319,460960.22126
320,1008182.795475
321,1048627.355035
322,1063125.566035
323,1037398.5277149999
324,1032713.327635
325,1072306.255715
326,1087410.182115
327,1060081.064915
328,616046.371205
329,641819.3706449999
330,668154.889125
331,642746.0839249999
332,125101.59019
333,131665.83631
334,131872.70499
335,129683.32527
336,251336.05828
337,264790.20036
338,265361.57172
339,263226.1516
340,361288.080345
341,381461.143745
342,389094.29278500006
343,380857.495185
344,89602.01598999999
345,97514.19542999999
346,101613.25958999999
347,97907.07514999999
348,59869.575585
349,62106.520065000004
350,62085.545505
351,61128.517625
352,440257.295645
353,473538.260165
354,478394.614045
355,467178.145325
356,484029.55190499994
357,501968.039185
358,512039.82026500005
359,502145.916465
360,7171.800209999999
361,7564.444449999999
362,7504.086730000003
363,7158.30985
364,-23056.04337
365,-23240.55721
366,-23693.075210000003
367,-22352.42409
368,96786.860285
369,98227.538965
370,95821.575605
371,96918.815805
372,385777.328035
373,400111.22687500005
374,396015.72175500006
375,395385.389795
376,606256.077025
377,629133.463185
378,641032.034705
379,624514.839505
380,387441.77225
381,409389.23345
382,409314.43945
383,400835.64833
384,479234.36526
385,505620.21089999995
386,509453.74717999995
387,499324.31898
388,361843.763485
389,381219.242725
390,384745.17240499996
391,375774.303325
392,315864.859075
393,329524.707195
394,332140.744115
395,323524.12699499994
396,475763.336335
397,493964.249095
398,496587.78625500004
399,478476.25841500005
400,896120.6530850001
401,941816.511605
402,929070.687405
403,898726.8133250001
404,888332.43837
405,935493.70817
406,924856.27809
407,893374.15205
408,579491.926505
409,605710.511665
410,616253.318425
411,586650.3656649999
412,118455.29584
413,126178.131
414,122751.17328
415,119678.71372
416,294667.891285
417,310220.686325
418,303981.112005
419,296952.31380500004
420,343514.81538000004
421,365764.03346000006
422,363498.69714000006
423,352788.83242
424,97636.19149
425,106969.05721
426,108357.07609
427,103048.86845000001
428,58480.310880000005
429,62376.243
430,61318.228
431,59360.23704000001
432,427907.17727
433,469597.04431
434,459076.1472700001
435,443942.52843000006
436,413255.546125
437,432838.1406050001
438,428638.9830850001
439,418995.72336500004
440,12039.216905000003
441,12793.599065000002
442,12662.985665000004
443,11986.419625000004
444,-21653.493445
445,-21478.741725
446,-21352.359085000004
447,-19678.267805
448,66419.998035
449,68587.333835
450,63607.031155000004
451,66358.810555
452,299203.21193
453,316162.54305000004
454,299821.40933000005
455,301385.37169
456,490292.32077
457,517881.88785000006
458,510933.55573
459,496113.77385
460,349428.98531
461,377060.45219000004
462,369185.16163000005
463,357435.48955000006
464,446621.94705500006
465,478841.21385500004
466,472230.14337500004
467,458194.493575
468,346904.042755
469,369156.251435
470,363466.48867500003
471,351115.180555
472,268831.87982
473,286552.75722
474,283098.9003
475,271828.55558
476,410675.85654500005
477,434481.739745
478,425644.43938500003
479,402898.661665
480,1194085.491585
481,1229617.515745
482,1234826.076425
483,1202649.460985
484,1180738.790885
485,1218197.804525
486,1226707.6245249999
487,1193002.941205
488,809027.341955
489,828842.962955
490,856494.940995
491,824572.884875
492,155173.034605
493,161032.630925
494,159596.070485
495,156333.460245
496,386933.700605
497,399847.179245
498,396805.534605
499,388860.642645
500,469235.664805
501,486612.148165
502,493124.867205
503,480799.298845
504,136533.38524
505,144413.6238
506,149015.38836
507,143021.83164
508,74937.831315
509,78956.866395
510,79484.910675
511,76969.162715
512,572605.663155
513,605508.728995
514,604755.3388350001
515,586980.0859150001
516,564760.78259
517,581469.71247
518,589968.22395
519,576892.22511
520,15521.524549999998
521,16354.89575
522,16269.966550000001
523,15493.786390000001
524,-28228.992485
525,-28107.046524999998
526,-27977.176605
527,-26505.744885
528,80231.93374000001
529,81928.01070000001
530,77582.4317
531,79984.70406
532,389322.22138
533,404575.88558
534,394952.40074
535,394594.07762
536,666870.8402
537,690119.75052
538,698477.21596
539,679286.5404
540,450688.50902
541,471211.46833999996
542,467841.47166000004
543,457677.4639
544,587549.3886
545,612187.31632
546,613881.9564
547,600068.12848
548,459191.95218
549,475960.43786
550,476167.29574000003
551,463949.59978
552,346691.63114
553,359726.32122000004
554,359573.33014
555,349384.3909
556,526649.949345
557,546239.105865
558,542027.261345
559,520152.457345
560,875550.280965
561,939110.2442450001
562,937056.883085
563,887490.1484050001
564,840512.7209050001
565,906993.553665
566,906281.130105
567,854997.0713850001
568,708804.5197599999
569,744712.93728
570,779661.64968
571,728988.50804
572,109083.785375
573,118445.844655
574,116110.84817499999
575,110531.241495
576,306970.39278500003
577,327231.942065
578,324227.931025
579,311977.72326500004
580,373935.952835
581,400715.542475
582,406384.793515
583,387495.223635
584,117969.086405
585,128562.09880499999
586,133739.887805
587,125817.58024499999
588,49677.783245
589,54462.510365
590,52788.197765
591,50517.424405
592,410170.48729
593,453373.91489
594,445385.02836999996
595,423256.55341
596,433612.23634
597,458937.48122
598,461357.59282
599,445028.4049
600,14130.00751
601,14934.338909999999
602,14718.49191
603,13941.319950000001
604,-23257.653135
605,-23736.298615
606,-23723.169775
607,-21455.866935
608,26105.269604999994
609,29294.744285000008
610,20614.857604999983
611,25587.14700499999
612,228862.348635
613,253034.702995
614,229960.305955
615,234088.552195
616,489641.13791000005
617,524613.95027
618,523905.46643000003
619,501351.05875
620,284312.04783
621,320390.95479
622,311756.55587
623,293451.98095
624,408493.27156
625,449704.63616000005
626,447327.70924000005
627,424293.19748000003
628,338890.60676
629,366285.03099999996
630,364466.68744
631,344237.49896
632,217526.43476
633,244144.83296
634,242523.08295999997
635,223430.46839999998
636,335713.20726500003
637,369997.79170500004
638,360618.70866500004
639,329558.64954500005
640,370548.7428049999
641,436708.02384499996
642,412424.73360499996
643,379712.90116499993
644,393303.72481000004
645,457693.66497000004
646,431383.18645000015
647,398807.4631299998
648,179121.29414000013
649,219279.13630000025
650,216763.1706200001
651,186045.11838000012
652,47454.69294000004
653,58688.39546000003
654,54573.25694000002
655,50985.84158000004
656,89119.48944000003
657,112145.17011999997
658,107421.88003999996
659,101427.36695999996
660,119276.50970500009
661,150128.40822500002
662,141884.29994500004
663,131993.525945
664,25885.041075000016
665,37231.423754999996
666,36319.911995
667,32731.469795000026
668,29439.568335000004
669,32215.337975000002
670,29048.364375000005
671,28869.127615000005
672,164366.1646599999
673,217792.90085999994
674,201034.41281999997
675,193043.11949999997
676,177647.10781000007
677,201390.61693000008
678,185591.94517000008
679,181205.40901000006
680,4306.531279999997
681,4685.308439999997
682,4496.658359999999
683,4270.502719999997
684,-7310.976894999996
685,-7612.642734999998
686,-7852.957094999994
687,-5412.2058149999975
688,50625.18831500001
689,53326.863635
690,47346.869275000005
691,50684.69399500001
692,171169.0325149999
693,189138.2188349999
694,166571.85839499993
695,171656.28323499992
696,227314.63346499996
697,259084.428785
698,237263.815145
699,229387.817345
700,158773.75679999997
701,197593.39088000002
702,187007.6092
703,169713.66428000008
704,184261.28977499995
705,228944.16521500004
706,216718.563775
707,199319.31981499994
708,131930.28083
709,164265.69686999999
710,155841.20758999995
711,140728.53566999995
712,127780.06178500003
713,153793.63718500006
714,148570.86358499998
715,133568.96730500006
716,197955.66903000005
717,229520.06023
718,218539.47231000004
719,193535.86023000005
720,479646.8391600002
721,549441.6542000003
722,529903.7361600002
723,492641.05616000027
724,485060.09982999996
725,554555.5919899999
726,533709.09623
727,495791.80990999984
728,315172.50817499997
729,357317.4912550001
730,364643.0270150001
731,327930.273135
732,59221.35475
733,70359.67666999997
734,66580.60226999999
735,62497.09010999999
736,134662.02434499998
737,157405.40190499998
738,152608.60798499998
739,145417.61650499998
740,177057.90025500004
741,208486.42749500013
742,203198.6913750001
743,190988.6222550001
744,46437.21195
745,58009.40827
746,58461.55258999999
747,53603.35114999999
748,30603.588599999995
749,33938.940160000006
750,30738.156639999994
751,30065.28811999999
752,206629.04618999996
753,258454.23894999997
754,242993.89675
755,230695.42342999997
756,233679.10525999998
757,259838.04758
758,247677.84694000008
759,239984.90282000002
760,5933.068205000001
761,6398.920445000002
762,6187.077685
763,5810.961685
764,-11973.016135000002
765,-12416.142414999998
766,-12630.937935000002
767,-10307.830454999996
768,39328.807295000006
769,42341.61949499999
770,35350.26801500001
771,39274.711855
772,171084.669155
773,192537.26275500003
774,168306.35791500006
775,173727.49055500003
776,283582.34354500007
777,318764.169705
778,301437.18114500004
779,289276.50890500005
780,175098.48858000006
781,215252.38750000007
782,204399.17178000003
783,186983.35090000008
784,224493.154875
785,270506.68863499997
786,259812.543275
787,241081.34507500002
788,174942.32587499998
789,207443.80199500005
790,200245.327675
791,183897.62399499997
792,141491.83924999996
793,169429.20016999997
794,165084.73476999998
795,148567.70912999997
796,219361.511175
797,253315.97789500002
798,242635.65057500004
799,215839.81465500005
800,1798703.36965
801,1812285.21677
802,1857928.08393
803,1830201.62833
804,1790079.97514
805,1805376.10854
806,1856279.99402
807,1826017.11406
808,1238960.978255
809,1247277.647855
810,1306792.6874550001
811,1278291.2839350002
812,228153.784105
813,229974.580305
814,233252.74366500002
815,230793.207785
816,539963.000035
817,546432.463995
818,550344.6303950001
819,544101.984955
820,705654.114485
821,713498.749085
822,737761.2390050001
823,725757.810565
824,201471.67647
825,206204.59855
826,216670.41091
827,210572.16679
828,104919.79023000001
829,108433.89863000001
830,112182.17355
831,108970.53687000001
832,839434.8967299999
833,853551.03093
834,875148.19185
835,855090.48709
836,861572.7963950001
837,872845.4107550001
838,908440.1119550001
839,890374.317595
840,19202.176730000003
841,20038.75701
842,20055.25777
843,19205.15217
844,-41829.36167
845,-41857.25155
846,-41901.78215
847,-41277.20811
848,119012.98965
849,119366.44561
850,117943.09141000001
851,118574.40073000001
852,591128.6262
853,601658.91628
854,610351.7741200001
855,604918.22772
856,1033665.23072
857,1047724.88184
858,1089855.40312
859,1063802.2652
860,671025.02782
861,675139.17946
862,682715.03926
863,679319.2307
864,872762.5236450001
865,880270.173165
866,899574.645525
867,890785.128365
868,679475.016475
869,684735.109275
870,698007.0260350001
871,690036.3916750001
872,527532.70627
873,529068.27123
874,536774.54603
875,531838.17579
876,783713.217195
877,791834.1732750001
878,800152.3015950001
879,784571.9213950001
880,1657128.84972
881,1682963.77028
882,1725275.33612
883,1687114.74676
884,1632147.57249
885,1660465.68301
886,1707307.16129
887,1666532.71853
888,1220994.532505
889,1235013.8846649998
890,1300950.654745
891,1260274.691905
892,207308.6009
893,210726.7567
894,213388.49566000002
895,209600.46906
896,512704.5636
897,522713.48748
898,526299.9282
899,517183.7014
900,669721.10158
901,681466.42034
902,705651.91126
903,689536.1953799999
904,198196.477455
905,204137.806175
906,215210.000575
907,207559.502695
908,92101.92363
909,96200.04359
910,98748.29918999999
911,95583.56575
912,767687.821735
913,786080.637095
914,803789.6813749999
915,779983.956775
916,801632.4197
917,816327.49014
918,849175.33638
919,828740.5336600001
920,19304.21295
921,20174.84095
922,20125.27027
923,19215.69835
924,-40324.024475
925,-40595.285875
926,-40723.397435000006
927,-39661.279395000005
928,85800.27010499999
929,86974.36746499999
930,82888.636665
931,85187.29194499999
932,501080.976155
933,516497.919075
934,516823.793675
935,514600.091715
936,949911.02299
937,968694.86815
938,1006836.4691100001
939,978019.32179
940,590979.03435
941,602832.88951
942,607215.28051
943,599687.25179
944,791626.42371
945,807101.36039
946,824184.37931
947,810273.67319
948,628916.89318
949,638952.56362
950,651111.35474
951,638534.1545
952,466149.006765
953,474241.507885
954,481299.447325
955,471321.13096499996
956,691810.372575
957,707026.522775
958,712748.3891350001
959,691503.173455
960,1149888.049865
961,1194530.837945
962,1204535.7044250001
963,1167733.404225
964,1128980.4016200001
965,1175702.0858200002
966,1187991.72786
967,1149233.4078600002
968,847131.772915
969,872655.010035
970,911495.388075
971,872327.9217950001
972,145065.90009
973,151761.14197
974,150884.08729
975,147111.78193
976,366679.93875
977,381731.63683
978,380320.74579
979,371825.31755000004
980,464381.81013500004
981,484372.294535
982,494121.94441500003
983,479850.325455
984,137319.62244500002
985,145776.262245
986,151915.75432500002
987,145189.590685
988,64955.947185000005
989,69033.201065
990,68775.798385
991,66559.571185
992,529041.0321
993,562433.1270600001
994,562338.2425
995,543242.37686
996,550713.7775000001
997,570451.11306
998,581007.8421
999,566608.0701
1000,14518.886005
1001,15288.838845
1002,15142.100325000001
1003,14378.421045000001
1004,-28819.436795
1005,-29068.065675
1006,-29102.743715
1007,-27553.508875
1008,58310.84956
1009,60411.10764
1010,54154.727880000006
1011,57791.07656
1012,341368.98394000006
1013,359897.13798
1014,346187.36757999996
1015,348521.53742
1016,648094.520865
1017,674798.129465
1018,684996.4822249999
1019,664351.766105
1020,411650.883925
1021,436151.22456500004
1022,432024.632285
1023,420628.467125
1024,551745.401425
1025,580690.417945
1026,583617.8760650001
1027,567986.678865
1028,440078.62324
1029,459608.82396
1030,461534.50184000004
1031,447573.28404
1032,323384.64147000003
1033,340509.41699
1034,341350.03515
1035,328360.97919
1036,481942.13203
1037,505952.09167
1038,501779.72446999996
1039,478076.82655
1040,654648.727785
1041,718709.405105
1042,707641.359425
1043,667591.1847450001
1044,641847.584505
1045,707149.347865
1046,695632.8799450002
1047,654359.514145
1048,494738.25225499994
1049,531526.390055
1050,552909.9946950001
1051,511535.929495
1052,81588.48151
1053,91596.81911
1054,88563.91431000001
1055,84202.65110999999
1056,211910.178135
1057,232742.932775
1058,229525.667975
1059,220973.749175
1060,266122.486655
1061,293979.728215
1062,294338.740615
1063,280233.32141499995
1064,79141.403175
1065,89834.168415
1066,92820.656495
1067,86844.55001499999
1068,38535.666415000014
1069,42383.401855000004
1070,39876.609775000004
1071,38689.16713500001
1072,296115.545755
1073,342612.77163499995
1074,330858.22755499993
1075,315521.594075
1076,320240.8411100001
1077,344333.91823000007
1078,339009.9735100001
1079,328802.7841500001
1080,9655.504745000002
1081,10259.067585
1082,10044.471745
1083,9498.625785
1084,-16876.2111
1085,-17271.49762
1086,-17399.231460000003
1087,-15185.999220000002
1088,31447.927285000012
1089,34518.074765
1090,26388.101404999994
1091,31089.95808499999
1092,191794.14635499998
1093,213478.515915
1094,189103.39839499997
1095,195083.86691500002
1096,372291.55516499997
1097,405415.937285
1098,395444.22904500004
1099,380421.561725
1100,226170.53775999998
1101,263518.4318
1102,253733.81748000003
1103,236847.84016000002
1104,309245.01953999995
1105,351716.79829999997
1106,345317.3017399999
1107,325938.25914
1108,249704.32667500008
1109,278750.586955
1110,274404.802395
1111,257360.64519500005
1112,176947.16281999997
1113,203663.45678
1114,200591.26174
1115,183368.42193999997
1116,269382.48306
1117,302712.01717999997
1118,292407.6676599999
1119,264758.33198
1120,332886.23095500027
1121,411206.403195
1122,388154.70187500026
1123,345109.71567500033
1124,345298.20111000026
1125,422969.19279
1126,397793.99147
1127,354498.8975900002
1128,187157.9445000001
1129,234376.72918000002
1130,236998.74498000008
1131,197698.77786000003
1132,40458.92689999999
1133,52985.174020000006
1134,48980.677660000016
1135,43986.259499999986
1136,85902.03723500005
1137,111420.900915
1138,107017.23579499999
1139,98472.54391500005
1140,115144.88518500008
1141,149784.79734500003
1142,142874.977305
1143,129043.15454500006
1144,27366.23676
1145,39853.5778
1146,39678.26252000002
1147,34969.18444
1148,26321.197490000006
1149,29625.61829
1150,26187.718569999997
1151,25579.252569999997
1152,147552.96307499998
1153,204572.99779499992
1154,187658.25703499996
1155,175348.42563499993
1156,179345.17576
1157,207367.23272000003
1158,192361.51376000012
1159,184287.10076000006
1160,4698.281459999998
1161,5107.46434
1162,4893.884740000003
1163,4613.56914
1164,-7108.32001000001
1165,-7668.125330000006
1166,-7905.634650000007
1167,-5139.480290000003
1168,43104.76461
1169,46511.97757
1170,39513.70937
1171,43200.85081
1172,151067.77897499996
1173,173678.16845499998
1174,148756.52581499988
1175,153038.62529499992
1176,215480.7773200001
1177,253377.86560000002
1178,232170.87604
1179,219665.96224000002
1180,114310.91804999998
1181,159624.85528999998
1182,148393.53933
1183,126721.64225000003
1184,147817.43950500002
1185,199365.99022499984
1186,187520.3213849999
1187,164889.41790500004
1188,112593.50713000004
1189,149015.25393
1190,141033.95269
1191,121613.43857
1192,89196.88983499998
1193,121260.94803500001
1194,116231.58463499998
1195,97209.58887500002
1196,157673.62517000013
1197,195939.1879700001
1198,184377.62157000002
1199,154273.15297000005
1200,965676.9039250001
1201,1012026.298405
1202,1011768.011445
1203,975960.756485
1204,956747.256125
1205,1004676.252565
1206,1006304.014245
1207,969566.4018849999
1208,642383.206625
1209,667891.720065
1210,690426.750985
1211,657371.2554649999
1212,127098.713605
1213,134837.569805
1214,133037.547685
1215,129200.52280499999
1216,319537.98337000003
1217,336384.79345
1218,334101.51137
1219,325020.84965
1220,382127.780795
1221,403181.13087500003
1222,407910.541875
1223,394720.61991500005
1224,111572.341865
1225,120530.351185
1226,124529.916825
1227,118969.964865
1228,65372.640665
1229,69386.393825
1230,69402.075505
1231,67129.794265
1232,474831.590585
1233,514859.359225
1234,511039.500505
1235,494959.89330500003
1236,464853.084975
1237,483047.213335
1238,487525.320695
1239,475290.81229500007
1240,14020.61216
1241,14789.633720000002
1242,14661.505760000002
1243,13996.037520000002
1244,-21651.877195
1245,-21656.445195
1246,-21530.656235000002
1247,-19673.983034999997
1248,69719.09526
1249,72008.43462
1250,67002.54838
1251,69620.59461999999
1252,327642.87805
1253,343691.88465
1254,332010.61825
1255,331244.03609
1256,543365.629315
1257,569300.1668750001
1258,571255.750435
1259,554122.6241550001
1260,368081.127515
1261,395637.91231499997
1262,391228.853355
1263,377366.726075
1264,480758.573445
1265,512752.543085
1266,512780.749085
1267,495988.295765
1268,374163.451365
1269,395969.544645
1270,395040.584565
1271,380468.326365
1272,276113.46193
1273,295021.68224999995
1274,293573.45213
1275,280980.58933
1276,424077.35485
1277,449987.99737
1278,443044.22809
1279,419007.06480999995
1280,1014667.6227950001
1281,1064265.444715
1282,1076288.974355
1283,1036056.160915
1284,1007090.4775950001
1285,1057538.3739550002
1286,1070662.9207950002
1287,1029151.4140350001
1288,728004.617935
1289,756436.518855
1290,794473.266335
1291,753906.644135
1292,126484.025525
1293,134172.927685
1294,133763.642285
1295,129426.324165
1296,308426.866335
1297,326008.09693500004
1298,326598.007255
1299,317590.798735
1300,404418.27824500005
1301,426280.001165
1302,436620.08536500006
1303,421625.60484499997
1304,118172.404105
1305,127001.000145
1306,133249.702785
1307,127040.435505
1308,60510.2607
1309,64178.4059
1310,63930.4637
1311,62165.21566
1312,470815.09904
1313,506905.26036
1314,508550.71928
1315,491111.68108
1316,501328.135895
1317,521198.965215
1318,531826.815255
1319,517993.66329500003
1320,12748.714665
1321,13394.338585
1322,13264.960865000001
1323,12673.650945000001
1324,-23830.471055
1325,-24244.093135000003
1326,-24427.182695000003
1327,-22487.466295
1328,62371.326915
1329,64606.411355
1330,58676.88459500001
1331,62015.74059500001
1332,327287.30253
1333,345388.30717000004
1334,332967.2574100001
1335,334908.56377
1336,593836.782445
1337,620203.484965
1338,630220.8391249999
1339,610328.105325
1340,360305.12948500004
1341,387746.24244500004
1342,384774.912045
1343,370439.39188500005
1344,481950.97651500005
1345,514081.95723500004
1346,518117.49575500004
1347,500029.686875
1348,380384.42744
1349,402566.04752
1350,405649.14868000004
1351,389704.48832
1352,282411.753055
1353,301779.358655
1354,303134.837015
1355,288665.19605499995
1356,429240.14078
1357,455388.8731
1358,452562.09662
1359,427206.64054000005
1360,934201.4952400001
1361,987879.8094000001
1362,991467.3805200001
1363,951693.7849600001
1364,923626.01685
1365,979375.52577
1366,984206.18497
1367,942548.60177
1368,651768.146095
1369,682843.423095
1370,711959.980895
1371,673411.278615
1372,117400.306885
1373,125508.802325
1374,124142.91884499998
1375,119914.910365
1376,287001.22096
1377,303564.38224
1378,301835.79423999996
1379,294033.08724
1380,368143.2655
1381,391571.83246
1382,397619.02274
1383,383398.83645999996
1384,104527.69652
1385,113892.54896
1386,118478.76104
1387,112529.8978
1388,55777.905525
1389,59520.056285
1390,58776.473845
1391,56861.355125
1392,431217.50484999997
1393,470275.43317
1394,467541.00649
1395,449934.82381
1396,461938.21210999996
1397,483746.10143000004
1398,489074.65459000005
1399,475471.2129500001
1400,10939.715740000003
1401,11583.11422
1402,11438.8821
1403,10834.260699999999
1404,-22729.364775000002
1405,-23007.493895
1406,-23097.344055
1407,-21193.460215
1408,64490.275615
1409,67100.688415
1410,61312.921615
1411,64313.283774999996
1412,310061.627005
1413,330098.24968500005
1414,315819.938725
1415,316681.41864499997
1416,542911.0502500001
1417,573162.37769
1418,577099.3780100001
1419,557028.77749
1420,325714.78209999995
1421,356387.85178
1422,351514.4865
1423,336438.25678000005
1424,437787.54867499997
1425,472962.10571499995
1426,473159.27747499995
1427,455005.6781949999
1428,347755.8415
1429,371470.76489999995
1430,371576.73182
1431,355838.69382
1432,252688.915145
1433,274703.87506500003
1434,274467.923065
1435,259551.651705
1436,395929.031705
1437,424324.321385
1438,419344.966985
1439,393103.14070499997
1440,762407.3339150001
1441,823487.1361550001
1442,825306.909875
1443,781779.5801949999
1444,751751.55696
1445,813873.4027600001
1446,815390.96528
1447,770440.18724
1448,581207.77246
1449,616666.2131
1450,649224.5027000001
1451,604219.26074
1452,92568.295215
1453,101886.893895
1454,100292.51785500001
1455,95584.300095
1456,231498.36851000003
1457,251279.58127
1458,250320.49911
1459,241599.31059
1460,308135.038955
1461,334611.709835
1462,340385.253715
1463,324752.416555
1464,90957.48144999999
1465,101091.17521
1466,105824.33505
1467,99516.19465
1468,42677.068185
1469,46327.764945
1470,44389.760465
1471,43171.870825000005
1472,339637.534005
1473,381961.52996500005
1474,376562.328525
1475,359819.441765
1476,379872.71362000005
1477,403453.22338000004
1478,405995.87006000004
1479,393128.64866000006
1480,9953.666100000002
1481,10521.4737
1482,10320.019300000002
1483,9805.304260000004
1484,-19299.147855
1485,-19805.926655
1486,-20118.248134999998
1487,-17882.047935
1488,37359.198984999995
1489,40204.199465
1490,32637.092505000008
1491,36979.313265000004
1492,228397.53010000003
1493,249952.62845999998
1494,229926.22498
1495,234715.13001999998
1496,447208.478415
1497,478889.29761500005
1498,478953.6051350001
1499,460099.939015
1500,256352.85331499996
1501,291069.934395
1502,284187.061795
1503,267308.38555500004
1504,351889.63629500003
1505,391616.965015
1506,390102.9046950001
1507,369952.52221500006
1508,283899.26006999996
1509,311146.76479
1510,310839.16215
1511,293080.01826999994
1512,205100.258585
1513,230020.54762499998
1514,229608.76038499997
1515,212181.510265
1516,311338.026415
1517,342686.78545499995
1518,336636.410815
1519,308521.947455
1520,677694.2429600001
1521,744040.3556800002
1522,734142.35776
1523,691658.8160000001
1524,669562.9782349999
1525,736171.2962349999
1526,726112.027355
1527,683099.3106349999
1528,498222.75893
1529,537803.97257
1530,557864.23505
1531,516492.78153
1532,84908.04779499999
1533,95268.833395
1534,92516.72599499999
1535,87595.659955
1536,218148.61036000002
1537,241106.89436000003
1538,238276.54572000002
1539,227651.10344
1540,275253.15105
1541,304204.61504999996
1542,305197.22745
1543,289864.17905
1544,82493.64231
1545,93485.02019
1546,96581.71063
1547,90644.26750999999
1548,43102.18980000001
1549,47019.69416000001
1550,45043.8642
1551,43599.57748000001
1552,317600.94396500004
1553,365214.776325
1554,354814.280925
1555,339161.59336500004
1556,336346.80629000004
1557,361313.52757000003
1558,357423.81373000005
1559,346536.49853
1560,10532.322424999998
1561,11147.747985000002
1562,10945.189825000003
1563,10418.913425
1564,-16031.816025
1565,-16614.872425
1566,-16635.260665
1567,-14260.230264999998
1568,36527.838925000004
1569,39380.32968499999
1570,31908.66556499999
1571,36140.500365
1572,212555.91296
1573,233234.94615999993
1574,211699.18975999998
1575,215852.25288000004
1576,392538.52208500006
1577,426042.54824500007
1578,417423.82892500004
1579,402252.3558450001
1580,240841.184375
1581,277559.758215
1582,268917.21525500005
1583,250484.59261499997
1584,325278.7697700001
1585,367909.73977000004
1586,362779.32133
1587,341542.41145
1588,258534.559855
1589,288450.70289500005
1590,284683.58509500005
1591,266186.834975
1592,186181.73067999998
1593,212561.02135999998
1594,209529.50972
1595,192223.04999999993
1596,282485.646375
1597,316296.986935
1598,306024.826975
1599,278009.019495
